Job_ID,Job_Title,Description
JOB001,Software Engineer,"Seeking a Software Engineer to develop scalable applications with Python and Java. Must write clean code, integrate RESTful APIs, and work in Agile teams. Requires 3+ years of experience and Git proficiency."
JOB002,Data Scientist,"Hiring a Data Scientist to build predictive models using Python and R. Must know machine learning (scikit-learn), SQL, and visualization (Tableau). 3+ years of experience required."
JOB003,Cybersecurity Analyst,"Join us as a Cybersecurity Analyst to conduct vulnerability assessments with tools like Nessus. Requires 2+ years of experience, encryption knowledge (AES), and Wireshark skills."
JOB004,Web Developer,"Seeking a Web Developer to create responsive sites with HTML, CSS, and JavaScript. Must be skilled in React, Node.js, and AWS. 2+ years of experience needed."
JOB005,Machine Learning Engineer,"We need an ML Engineer to develop AI models with TensorFlow and PyTorch. Must optimize neural networks and deploy on cloud platforms. Requires 3+ years of experience."
JOB006,Database Administrator,"Hiring a DBA to manage SQL and NoSQL databases (MongoDB). Must optimize queries and ensure data integrity. 4+ years of experience and AWS RDS skills required."
JOB007,Cloud Engineer,"Join our team as a Cloud Engineer to deploy solutions on AWS and Azure. Requires Kubernetes, Terraform, and 3+ years in cloud computing."
JOB008,DevOps Engineer,"Seeking a DevOps Engineer to manage CI/CD pipelines with Jenkins and Docker. Must know Linux, Python scripting, and GCP. 3+ years of experience needed."
JOB009,Network Engineer,"We need a Network Engineer to configure TCP/IP networks and troubleshoot with Wireshark. Requires 3+ years of experience and CCNA certification."
JOB010,AI Research Scientist,"Hiring an AI Research Scientist to innovate in reinforcement learning. Must have a PhD, Python expertise, and 2+ years of research experience."
JOB011,Full Stack Developer,"Join us as a Full Stack Developer to build apps with JavaScript (React, Node.js) and Python (Django). Requires 3+ years of experience and SQL skills."
JOB012,Systems Analyst,"Seeking a Systems Analyst to optimize IT systems. Must know Linux, PowerShell scripting, and have 2+ years of experience."
JOB013,Security Engineer,"We need a Security Engineer to implement firewalls and encryption (RSA). Requires 3+ years in cybersecurity and OWASP knowledge."
JOB014,Data Engineer,"Hiring a Data Engineer to build ETL pipelines with Python and Spark. Must manage data warehouses (Snowflake) and have 4+ years of experience."
JOB015,Frontend Developer,"Join our team as a Frontend Developer to create interfaces with Vue.js and TypeScript. Requires 2+ years of experience and CSS framework skills."
JOB016,Backend Developer,"Seeking a Backend Developer to develop APIs with Java and Spring Boot. Must integrate PostgreSQL and have 3+ years of experience."
JOB017,Game Developer,"We need a Game Developer to create games with Unity and C#. Requires 2+ years of experience and mobile optimization skills."
JOB018,Robotics Engineer,"Hiring a Robotics Engineer to program systems with ROS and C++. Must know computer vision (OpenCV) and have 3+ years of experience."
JOB019,Blockchain Developer,"Join our team as a Blockchain Developer to build DApps with Solidity. Requires 2+ years of experience and Ethereum knowledge."
JOB020,Embedded Systems Engineer,"Seeking an Embedded Engineer to develop firmware with C. Must work with microcontrollers and have 3+ years of experience."
JOB021,Software Quality Engineer,"We need a QA Engineer to automate tests with Selenium. Requires 2+ years in QA and CI/CD knowledge."
JOB022,Technical Support Engineer,"Hiring a Support Engineer to troubleshoot software issues. Must know Linux and have 1+ years of experience."
JOB023,IT Project Manager,"Join us as an IT Project Manager to lead software projects. Requires 5+ years of experience and Agile/Scrum proficiency."
JOB024,Computer Vision Engineer,"Seeking a Vision Engineer to build image processing systems with OpenCV. Requires 3+ years of experience and deep learning skills."
JOB025,NLP Engineer,"We need an NLP Engineer to develop language models with Hugging Face. Requires 3+ years of experience and transformer expertise."
JOB026,Site Reliability Engineer,"Hiring an SRE to ensure uptime with Kubernetes. Must have 3+ years in SRE and Prometheus skills."
JOB027,Big Data Analyst,"Join our team as a Big Data Analyst to process data with Hadoop. Requires 2+ years of experience and SQL expertise."
JOB028,Mobile Developer,"Seeking a Mobile Developer to create apps with Swift and Kotlin. Must have 2+ years of experience and API integration skills."
JOB029,Graphics Programmer,"We need a Graphics Programmer to develop shaders with Vulkan. Requires 3+ years of experience."
JOB030,Business Intelligence Analyst,"Hiring a BI Analyst to create dashboards with Tableau. Must have 2+ years of experience and SQL skills."
JOB031,Software Engineer,"Seeking a Software Engineer to build microservices with Go. Requires 3+ years of experience and Docker skills."
JOB032,Data Scientist,"Hiring a Data Scientist to analyze trends with Pandas. Must have 3+ years of experience and ML knowledge."
JOB033,Cybersecurity Analyst,"We need a Cybersecurity Analyst to implement IDS. Requires 2+ years of experience and Splunk proficiency."
JOB034,Web Developer,"Join our team as a Web Developer to build platforms with Laravel. Must have 2+ years of experience and MySQL skills."
JOB035,Machine Learning Engineer,"Seeking an ML Engineer to deploy models with Kubernetes. Requires 4+ years of experience and TensorFlow expertise."
JOB036,Database Administrator,"Hiring a DBA to optimize Oracle databases. Must have 5+ years of experience and backup skills."
JOB037,Cloud Engineer,"We need a Cloud Engineer to architect GCP solutions. Requires 3+ years of experience and Terraform skills."
JOB038,DevOps Engineer,"Join our team as a DevOps Engineer to automate with Ansible. Must have 3+ years of experience."
JOB039,Network Engineer,"Seeking a Network Engineer to design SDN solutions. Requires 4+ years of experience and BGP knowledge."
JOB040,AI Research Scientist,"Hiring an AI Research Scientist to study GANs. Must have a PhD and Python expertise."
JOB041,Full Stack Developer,"We need a Full Stack Developer to build SaaS with Angular. Requires 3+ years of experience and cloud skills."
JOB042,Systems Analyst,"Join our team as a Systems Analyst to optimize ERP systems. Must have 2+ years of experience."
JOB043,Security Engineer,"Seeking a Security Engineer to secure cloud with IAM. Requires 3+ years of experience."
JOB044,Data Engineer,"Hiring a Data Engineer to manage data lakes with AWS Glue. Must have 4+ years of experience."
JOB045,Frontend Developer,"We need a Frontend Developer to build SPAs with Next.js. Requires 2+ years of experience."
JOB046,Backend Developer,"Join our team as a Backend Developer to create APIs with Rails. Must have 3+ years of experience."
JOB047,Game Developer,"Seeking a Game Developer to build VR games with Unreal. Requires 3+ years of experience."
JOB048,Robotics Engineer,"Hiring a Robotics Engineer to develop drones with ROS. Must have 3+ years of experience."
JOB049,Blockchain Developer,"We need a Blockchain Developer to create DeFi apps with Web3.js. Requires 2+ years of experience."
JOB050,Embedded Systems Engineer,"Join us as an Embedded Engineer to program IoT with C. Must have 3+ years of experience."
JOB051,Software Engineer,"Seeking a Software Engineer to develop APIs with Flask. Requires 3+ years of experience and Python skills."
JOB052,Data Scientist,"Hiring a Data Scientist to perform NLP with spaCy. Must have 3+ years of experience and ML expertise."
JOB053,Cybersecurity Analyst,"We need a Cybersecurity Analyst to secure IoT devices. Requires 2+ years of experience and security skills."
JOB054,Web Developer,"Join our team as a Web Developer to build CMS with WordPress. Must have 2+ years of experience and PHP skills."
JOB055,Machine Learning Engineer,"Seeking an ML Engineer to optimize models with ONNX. Requires 4+ years of experience and Python expertise."
JOB056,Database Administrator,"Hiring a DBA to manage MySQL clusters. Must have 5+ years of experience and database skills."
JOB057,Cloud Engineer,"We need a Cloud Engineer to deploy Azure Functions. Requires 3+ years of experience and cloud skills."
JOB058,DevOps Engineer,"Join our team as a DevOps Engineer to automate with Puppet. Must have 3+ years of experience and scripting skills."
JOB059,Network Engineer,"Seeking a Network Engineer to configure VoIP systems. Requires 4+ years of experience and networking skills."
JOB060,AI Research Scientist,"Hiring an AI Research Scientist to explore federated learning. Must have a PhD and 2+ years in AI research."
JOB061,Full Stack Developer,"We need a Full Stack Developer to build apps with Vue.js and Express. Requires 3+ years of experience."
JOB062,Systems Analyst,"Join our team as a Systems Analyst to integrate CRM systems. Must have 2+ years of experience and analytical skills."
JOB063,Security Engineer,"Seeking a Security Engineer to implement SSO with OAuth. Requires 3+ years of experience and security skills."
JOB064,Data Engineer,"Hiring a Data Engineer to process streams with Kafka. Must have 4+ years of experience and data skills."
JOB065,Frontend Developer,"We need a Frontend Developer to design SPAs with Svelte. Requires 2+ years of experience and UI skills."
JOB066,Backend Developer,"Join our team as a Backend Developer to build microservices with .NET Core. Must have 3+ years of experience."
JOB067,Game Developer,"Seeking a Game Developer to create multiplayer games with Photon. Requires 3+ years of experience and C++ skills."
JOB068,Robotics Engineer,"Hiring a Robotics Engineer to program industrial robots. Must have 3+ years of experience and ROS expertise."
JOB069,Blockchain Developer,"We need a Blockchain Developer to build NFTs with Truffle. Requires 2+ years of experience and Solidity skills."
JOB070,Embedded Systems Engineer,"Join us as an Embedded Engineer to develop RTOS with FreeRTOS. Must have 3+ years of experience."
JOB071,Software Quality Engineer,"Seeking a QA Engineer to test APIs with Postman. Requires 2+ years of experience and QA skills."
JOB072,Technical Support Engineer,"Hiring a Support Engineer to troubleshoot networks. Must have 1+ years of experience and Linux skills."
JOB073,IT Project Manager,"We need an IT Project Manager to oversee cloud migrations. Requires 5+ years of experience and Agile skills."
JOB074,Computer Vision Engineer,"Join our team as a Vision Engineer to build AR apps. Must have 3+ years of experience and OpenCV skills."
JOB075,NLP Engineer,"Seeking an NLP Engineer to develop chatbots with BERT. Requires 3+ years of experience and Python skills."
JOB076,Site Reliability Engineer,"Hiring an SRE to manage chaos engineering. Must have 3+ years of experience and SRE skills."
JOB077,Big Data Analyst,"We need a Big Data Analyst to process data with Databricks. Requires 2+ years of experience and SQL skills."
JOB078,Mobile Developer,"Join our team as a Mobile Developer to build apps with Xamarin. Must have 2+ years of experience."
JOB079,Graphics Programmer,"Seeking a Graphics Programmer to optimize game engines. Requires 3+ years of experience and shader skills."
JOB080,Business Intelligence Analyst,"Hiring a BI Analyst to analyze sales data with Power BI. Must have 2+ years of experience."
JOB081,Software Engineer,"We need a Software Engineer to develop desktop apps with Qt. Requires 3+ years of experience."
JOB082,Data Scientist,"Join our team as a Data Scientist to build recommendation systems. Must have 3+ years of experience."
JOB083,Cybersecurity Analyst,"Seeking a Cybersecurity Analyst to audit cloud security. Requires 2+ years of experience."
JOB084,Web Developer,"Hiring a Web Developer to build portals with Drupal. Must have 2+ years of experience."
JOB085,Machine Learning Engineer,"We need an ML Engineer to deploy edge AI. Requires 4+ years of experience."
JOB086,Database Administrator,"Join our team as a DBA to manage Cassandra. Must have 5+ years of experience."
JOB087,Cloud Engineer,"Seeking a Cloud Engineer to secure multi-cloud setups. Requires 3+ years of experience."
JOB088,DevOps Engineer,"Hiring a DevOps Engineer to manage Helm charts. Requires 3+ years of experience."
JOB089,Network Engineer,"We need a Network Engineer to optimize WAN traffic. Requires 4+ years of experience."
JOB090,AI Research Scientist,"Join our team as an AI Scientist to explore quantum ML. Must have a PhD and 2+ years of experience."
JOB091,Software Engineer,"Seeking a Software Engineer to build real-time systems with Rust. Requires 3+ years of experience."
JOB092,Data Scientist,"Hiring a Data Scientist to analyze geospatial data with GIS tools. Must have 3+ years of experience."
JOB093,Cybersecurity Specialist,"We need a Cybersecurity Specialist to design zero-trust networks. Requires 4+ years of experience."
JOB094,Web Developer,"Join our team as a Web Developer to create PWAs with JavaScript. Must have 2+ years of experience."
JOB095,Machine Learning Engineer,"Seeking an ML Engineer to build anomaly detection models. Requires 4+ years of experience."
JOB096,Database Developer,"Hiring a Database Developer to optimize NoSQL with Redis. Must have 3+ years of experience."
JOB097,Cloud Architect,"We need a Cloud Architect to design hybrid cloud solutions. Requires 5+ years of experience."
JOB098,DevOps Specialist,"Join our team as a DevOps Specialist to implement GitOps. Must have 3+ years of experience."
JOB099,Network Administrator,"Seeking a Network Admin to manage VLANs. Requires 2+ years of experience."
JOB100,AI Developer,"Hiring an AI Developer to build generative models with PyTorch. Must have 3+ years of experience."
JOB101,Full Stack Engineer,"We need a Full Stack Engineer to develop apps with MERN stack. Requires 3+ years of experience."
JOB102,Systems Engineer,"Join our team as a Systems Engineer to optimize server performance. Must have 2+ years of experience."
JOB103,Security Analyst,"Seeking a Security Analyst to monitor SIEM tools. Requires 2+ years of experience."
JOB104,Data Analyst,"Hiring a Data Analyst to process data with Python and Excel. Must have 2+ years of experience."
JOB105,Frontend Engineer,"We need a Frontend Engineer to build dashboards with Angular. Requires 2+ years of experience."
JOB106,Backend Engineer,"Join our team as a Backend Engineer to develop GraphQL APIs. Must have 3+ years of experience."
JOB107,Game Programmer,"Seeking a Game Programmer to optimize physics with Unity. Requires 3+ years of experience."
JOB108,Robotics Software Engineer,"Hiring a Robotics Engineer to integrate LIDAR systems. Must have 3+ years of experience."
JOB109,Blockchain Engineer,"We need a Blockchain Engineer to develop smart contracts with Hyperledger. Requires 2+ years of experience."
JOB110,Embedded Developer,"Join our team as an Embedded Developer to program wearables. Must have 3+ years of experience."
JOB111,Software Engineer,"Seeking a Software Engineer to build event-driven systems with Kafka. Requires 3+ years of experience."
JOB112,Data Scientist,"Hiring a Data Scientist to perform time-series analysis with Prophet. Must have 3+ years of experience."
JOB113,Cybersecurity Engineer,"We need a Cybersecurity Engineer to secure APIs with JWT. Requires 3+ years of experience."
JOB114,Web Designer,"Join our team as a Web Designer to create UI with Figma and React. Must have 2+ years of experience."
JOB115,Machine Learning Specialist,"Seeking an ML Specialist to implement AutoML solutions. Requires 4+ years of experience."
JOB116,Database Architect,"Hiring a Database Architect to design sharded systems. Must have 5+ years of experience."
JOB117,Cloud Developer,"We need a Cloud Developer to build serverless apps with AWS Lambda. Requires 3+ years of experience."
JOB118,DevOps Engineer,"Join our team as a DevOps Engineer to manage ECS clusters. Must have 3+ years of experience."
JOB119,Network Security Engineer,"Seeking a Network Security Engineer to implement IPS. Requires 4+ years of experience."
JOB120,AI Product Developer,"Hiring an AI Product Developer to build chatbots with Rasa. Must have 3+ years of experience."
JOB121,Full Stack Developer,"We need a Full Stack Developer to create e-commerce platforms with Shopify. Requires 3+ years of experience."
JOB122,Systems Administrator,"Join our team as a Systems Admin to manage virtualization with VMware. Must have 2+ years of experience."
JOB123,Security Specialist,"Seeking a Security Specialist to conduct red team exercises. Requires 3+ years of experience."
JOB124,Data Engineer,"Hiring a Data Engineer to build data pipelines with Airflow. Must have 4+ years of experience."
JOB125,Frontend Developer,"We need a Frontend Developer to optimize PWAs with Workbox. Requires 2+ years of experience."
JOB126,Backend Developer,"Join our team as a Backend Developer to secure APIs with Keycloak. Must have 3+ years of experience."
JOB127,Game Designer,"Seeking a Game Designer to script gameplay with Lua. Requires 2+ years of experience."
JOB128,Robotics Developer,"Hiring a Robotics Developer to build swarm algorithms. Must have 3+ years of experience."
JOB129,Blockchain Analyst,"We need a Blockchain Analyst to audit smart contracts. Requires 2+ years of experience."
JOB130,Embedded Systems Developer,"Join our team as an Embedded Developer to optimize power usage. Must have 3+ years of experience."
JOB131,Software Engineer,"Seeking a Software Engineer to develop SDKs with C#. Requires 3+ years of experience."
JOB132,Data Scientist,"Hiring a Data Scientist to analyze customer behavior with SQL. Must have 3+ years of experience."
JOB133,Cybersecurity Consultant,"We need a Cybersecurity Consultant to assess compliance. Requires 4+ years of experience."
JOB134,Web Engineer,"Join our team as a Web Engineer to build SPAs with Blazor. Must have 2+ years of experience."
JOB135,Machine Learning Developer,"Seeking an ML Developer to build vision models with YOLO. Requires 3+ years of experience."
JOB136,Database Engineer,"Hiring a Database Engineer to optimize indexing with PostgreSQL. Must have 4+ years of experience."
JOB137,Cloud Solutions Architect,"We need a Cloud Architect to design DR strategies. Requires 5+ years of experience."
JOB138,DevOps Specialist,"Join our team as a DevOps Specialist to automate with SaltStack. Must have 3+ years of experience."
JOB139,Network Analyst,"Seeking a Network Analyst to monitor QoS. Requires 2+ years of experience."
JOB140,AI Engineer,"Hiring an AI Engineer to develop explainable AI models. Must have 3+ years of experience."
JOB141,Full Stack Engineer,"We need a Full Stack Engineer to develop fintech apps with Django. Requires 3+ years of experience."
JOB142,Systems Developer,"Join our team as a Systems Developer to optimize kernel modules. Must have 3+ years of experience."
JOB143,Security Developer,"Seeking a Security Developer to build secure SDLC processes. Requires 3+ years of experience."
JOB144,Data Specialist,"Hiring a Data Specialist to clean data with Python. Must have 2+ years of experience."
JOB145,Frontend Engineer,"We need a Frontend Engineer to create animations with GSAP. Requires 2+ years of experience."
JOB146,Backend Engineer,"Join our team as a Backend Engineer to scale APIs with FastAPI. Must have 3+ years of experience."
JOB147,Game Developer,"Seeking a Game Developer to build mobile games with Godot. Requires 2+ years of experience."
JOB148,Robotics Software Developer,"Hiring a Robotics Developer to integrate IMU sensors. Must have 3+ years of experience."
JOB149,Blockchain Developer,"We need a Blockchain Developer to create cross-chain bridges. Requires 3+ years of experience."
JOB150,Embedded Engineer,"Join our team as an Embedded Engineer to program automotive systems. Must have 4+ years of experience."
JOB151,Software Developer,"Seeking a Software Developer to build CRM integrations. Requires 3+ years of experience."
JOB152,Data Analyst,"Hiring a Data Analyst to visualize data with D3.js. Must have 2+ years of experience."
JOB153,Cybersecurity Engineer,"We need a Cybersecurity Engineer to secure Kubernetes clusters. Requires 3+ years of experience."
JOB154,Web Developer,"Join our team as a Web Developer to optimize SEO with Gatsby. Must have 2+ years of experience."
JOB155,Machine Learning Engineer,"Seeking an ML Engineer to develop speech recognition systems. Requires 4+ years of experience."
JOB156,Database Specialist,"Hiring a Database Specialist to manage graph databases with Neo4j. Must have 3+ years of experience."
JOB157,Cloud Engineer,"We need a Cloud Engineer to implement cost optimization on AWS. Requires 3+ years of experience."
JOB158,DevOps Engineer,"Join our team as a DevOps Engineer to manage EKS clusters. Must have 3+ years of experience."
JOB159,Network Engineer,"Seeking a Network Engineer to design low-latency networks. Requires 4+ years of experience."
JOB160,AI Specialist,"Hiring an AI Specialist to develop autonomous agents. Must have 3+ years of experience."
JOB161,Full Stack Developer,"We need a Full Stack Developer to build health tech apps. Requires 3+ years of experience."
JOB162,Systems Analyst,"Join our team as a Systems Analyst to evaluate IoT systems. Must have 2+ years of experience."
JOB163,Security Engineer,"Seeking a Security Engineer to implement DLP solutions. Requires 3+ years of experience."
JOB164,Data Engineer,"Hiring a Data Engineer to process real-time data with Flink. Must have 4+ years of experience."
JOB165,Frontend Developer,"We need a Frontend Developer to build e-learning platforms. Requires 2+ years of experience."
JOB166,Backend Developer,"Join our team as a Backend Developer to secure microservices with Istio. Must have 3+ years of experience."
JOB167,Game Engineer,"Seeking a Game Engineer to optimize networking with Unreal. Requires 3+ years of experience."
JOB168,Robotics Engineer,"Hiring a Robotics Engineer to develop exoskeleton software. Must have 3+ years of experience."
JOB169,Blockchain Specialist,"We need a Blockchain Specialist to audit DeFi protocols. Requires 2+ years of experience."
JOB170,Embedded Systems Engineer,"Join our team as an Embedded Engineer to program smart home devices. Must have 3+ years of experience."
JOB171,Software Engineer,"Seeking a Software Engineer to build payment gateways. Requires 3+ years of experience."
JOB172,Data Scientist,"Hiring a Data Scientist to analyze fraud detection data. Must have 3+ years of experience."
JOB173,Cybersecurity Analyst,"We need a Cybersecurity Analyst to monitor dark web threats. Requires 2+ years of experience."
JOB174,Web Developer,"Join our team as a Web Developer to build booking systems. Must have 2+ years of experience."
JOB175,Machine Learning Engineer,"Seeking an ML Engineer to develop predictive maintenance models. Requires 4+ years of experience."
JOB176,Database Administrator,"Hiring a DBA to manage time-series databases with InfluxDB. Must have 4+ years of experience."
JOB177,Cloud Developer,"We need a Cloud Developer to build multi-tenant apps. Requires 3+ years of experience."
JOB178,DevOps Engineer,"Join our team as a DevOps Engineer to implement blue-green deployments. Must have 3+ years of experience."
JOB179,Network Specialist,"Seeking a Network Specialist to optimize 5G networks. Requires 4+ years of experience."
JOB180,AI Developer,"Hiring an AI Developer to build ethical AI systems. Must have 3+ years of experience."
JOB181,Full Stack Engineer,"We need a Full Stack Engineer to develop logistics platforms. Requires 3+ years of experience."
JOB182,Systems Engineer,"Join our team as a Systems Engineer to manage HPC clusters. Must have 3+ years of experience."
JOB183,Security Analyst,"Seeking a Security Analyst to conduct threat hunting. Requires 2+ years of experience."
JOB184,Data Specialist,"Hiring a Data Specialist to process genomic data. Must have 3+ years of experience."
JOB185,Frontend Engineer,"We need a Frontend Engineer to build admin panels. Requires 2+ years of experience."
JOB186,Backend Engineer,"Join our team as a Backend Engineer to optimize caching with Redis. Must have 3+ years of experience."
JOB187,Game Developer,"Seeking a Game Developer to create educational games. Requires 2+ years of experience."
JOB188,Robotics Software Engineer,"Hiring a Robotics Engineer to develop agricultural robots. Must have 3+ years of experience."
JOB189,Blockchain Engineer,"We need a Blockchain Engineer to build supply chain solutions. Requires 3+ years of experience."
JOB190,Embedded Developer,"Join our team as an Embedded Developer to program medical devices. Must have 4+ years of experience."
JOB191,Software Developer,"Seeking a Software Developer to build telecom systems. Requires 3+ years of experience."
JOB192,Data Analyst,"Hiring a Data Analyst to analyze IoT sensor data. Must have 2+ years of experience."
JOB193,Cybersecurity Specialist,"We need a Cybersecurity Specialist to secure edge devices. Requires 3+ years of experience."
JOB194,Web Engineer,"Join our team as a Web Engineer to build travel platforms. Must have 2+ years of experience."
JOB195,Machine Learning Specialist,"Seeking an ML Specialist to develop NLP for healthcare. Requires 4+ years of experience."
JOB196,Database Engineer,"Hiring a Database Engineer to manage distributed databases. Must have 4+ years of experience."
JOB197,Cloud Architect,"We need a Cloud Architect to design AI workloads. Requires 5+ years of experience."
JOB198,DevOps Specialist,"Join our team as a DevOps Specialist to manage serverless CI/CD. Must have 3+ years of experience."
JOB199,Network Engineer,"Seeking a Network Engineer to optimize CDN performance. Requires 4+ years of experience."
JOB200,AI Research Developer,"Hiring an AI Developer to explore multimodal AI. Must have 3+ years of experience."
JOB201,Software Engineer,"Seeking a Software Engineer to build inventory systems with PHP. Requires 3+ years of experience."
JOB202,Data Scientist,"Hiring a Data Scientist to analyze supply chain data with Python. Must have 3+ years of experience."
JOB203,Cybersecurity Engineer,"We need a Cybersecurity Engineer to secure blockchain networks. Requires 3+ years of experience."
JOB204,Web Developer,"Join our team as a Web Developer to create job boards with Ruby. Must have 2+ years of experience."
JOB205,Machine Learning Engineer,"Seeking an ML Engineer to build customer segmentation models. Requires 4+ years of experience."
JOB206,Database Administrator,"Hiring a DBA to optimize MariaDB performance. Must have 4+ years of experience."
JOB207,Cloud Engineer,"We need a Cloud Engineer to deploy microservices on DigitalOcean. Requires 3+ years of experience."
JOB208,DevOps Engineer,"Join our team as a DevOps Engineer to manage ArgoCD workflows. Must have 3+ years of experience."
JOB209,Network Engineer,"Seeking a Network Engineer to configure MPLS networks. Requires 4+ years of experience."
JOB210,AI Specialist,"Hiring an AI Specialist to develop voice recognition systems. Must have 3+ years of experience."
JOB211,Full Stack Developer,"We need a Full Stack Developer to build social media platforms with Laravel. Requires 3+ years of experience."
JOB212,Systems Analyst,"Join our team as a Systems Analyst to optimize supply chain software. Must have 2+ years of experience."
JOB213,Security Engineer,"Seeking a Security Engineer to implement PKI solutions. Requires 3+ years of experience."
JOB214,Data Engineer,"Hiring a Data Engineer to process clickstream data with Redshift. Must have 4+ years of experience."
JOB215,Frontend Developer,"We need a Frontend Developer to build landing pages with Tailwind CSS. Requires 2+ years of experience."
JOB216,Backend Developer,"Join our team as a Backend Developer to develop payment APIs with Stripe. Must have 3+ years of experience."
JOB217,Game Developer,"Seeking a Game Developer to create AR games with Unity. Requires 3+ years of experience."
JOB218,Robotics Engineer,"Hiring a Robotics Engineer to develop underwater robots. Must have 3+ years of experience."
JOB219,Blockchain Developer,"We need a Blockchain Developer to build voting systems. Requires 2+ years of experience."
JOB220,Embedded Systems Engineer,"Join our team as an Embedded Engineer to program robotics controllers. Must have 3+ years of experience."
JOB221,Software Quality Engineer,"Seeking a QA Engineer to automate UI tests with Cypress. Requires 2+ years of experience."
JOB222,Technical Support Engineer,"Hiring a Support Engineer to resolve SaaS issues. Must have 1+ years of experience."
JOB223,IT Project Manager,"We need an IT Project Manager to lead DevOps transitions. Requires 5+ years of experience."
JOB224,Computer Vision Engineer,"Join our team as a Vision Engineer to develop gesture recognition. Must have 3+ years of experience."
JOB225,NLP Engineer,"Seeking an NLP Engineer to build sentiment analysis tools. Requires 3+ years of experience."
JOB226,Site Reliability Engineer,"Hiring an SRE to optimize latency with Cloudflare. Must have 3+ years of experience."
JOB227,Big Data Analyst,"We need a Big Data Analyst to process logs with Elasticsearch. Must have 2+ years of experience."
JOB228,Mobile Developer,"Join our team as a Mobile Developer to build fintech apps with Flutter. Must have 2+ years of experience."
JOB229,Graphics Programmer,"Seeking a Graphics Programmer to develop VR shaders. Requires 3+ years of experience."
JOB230,Business Intelligence Analyst,"Hiring a BI Analyst to analyze marketing data with Looker. Must have 2+ years of experience."
JOB231,Software Engineer,"Seeking a Software Engineer to build chat apps with WebSocket. Requires 3+ years of experience."
JOB232,Data Scientist,"Hiring a Data Scientist to predict churn with XGBoost. Must have 3+ years of experience."
JOB233,Cybersecurity Analyst,"We need a Cybersecurity Analyst to monitor insider threats. Requires 2+ years of experience."
JOB234,Web Developer,"Join our team as a Web Developer to build forums with Django. Must have 2+ years of experience."
JOB235,Machine Learning Engineer,"Seeking an ML Engineer to develop fraud detection models. Requires 4+ years of experience."
JOB236,Database Administrator,"Hiring a DBA to manage high-availability SQL Server. Must have 5+ years of experience."
JOB237,Cloud Engineer,"We need a Cloud Engineer to migrate apps to Oracle Cloud. Requires 3+ years of experience."
JOB238,DevOps Engineer,"Join our team as a DevOps Engineer to manage Flux deployments. Must have 3+ years of experience."
JOB239,Network Engineer,"Seeking a Network Engineer to optimize multicast traffic. Requires 4+ years of experience."
JOB240,AI Research Scientist,"Hiring an AI Scientist to explore neuro-symbolic AI. Must have a PhD and 2+ years of experience."
JOB241,Full Stack Developer,"We need a Full Stack Developer to build retail platforms with Spring. Requires 3+ years of experience."
JOB242,Systems Analyst,"Join our team as a Systems Analyst to evaluate HR software. Must have 2+ years of experience."
JOB243,Security Engineer,"Seeking a Security Engineer to secure IoT with MQTT. Requires 3+ years of experience."
JOB244,Data Engineer,"Hiring a Data Engineer to build analytics pipelines with BigQuery. Must have 4+ years of experience."
JOB245,Frontend Developer,"We need a Frontend Developer to create dashboards with Material-UI. Requires 2+ years of experience."
JOB246,Backend Developer,"Join our team as a Backend Developer to optimize APIs with gRPC. Must have 3+ years of experience."
JOB247,Game Developer,"Seeking a Game Developer to build simulations with CryEngine. Requires 3+ years of experience."
JOB248,Robotics Engineer,"Hiring a Robotics Engineer to develop delivery robots. Must have 3+ years of experience."
JOB249,Blockchain Developer,"We need a Blockchain Developer to create tokenomics systems. Requires 2+ years of experience."
JOB250,Embedded Systems Engineer,"Join our team as an Embedded Engineer to program aerospace systems. Must have 4+ years of experience."
JOB251,Software Engineer,"Seeking a Software Engineer to build ERP modules with Odoo. Requires 3+ years of experience."
JOB252,Data Scientist,"Hiring a Data Scientist to analyze sensor data with MATLAB. Must have 3+ years of experience."
JOB253,Cybersecurity Specialist,"We need a Cybersecurity Specialist to secure OT systems. Requires 4+ years of experience."
JOB254,Web Developer,"Join our team as a Web Developer to create event platforms. Must have 2+ years of experience."
JOB255,Machine Learning Engineer,"Seeking an ML Engineer to build traffic prediction models. Requires 4+ years of experience."
JOB256,Database Administrator,"Hiring a DBA to manage DynamoDB instances. Must have 4+ years of experience."
JOB257,Cloud Engineer,"We need a Cloud Engineer to optimize hybrid cloud costs. Requires 3+ years of experience."
JOB258,DevOps Engineer,"Join our team as a DevOps Engineer to manage CI with CircleCI. Must have 3+ years of experience."
JOB259,Network Engineer,"Seeking a Network Engineer to configure SD-WAN solutions. Requires 4+ years of experience."
JOB260,AI Developer,"Hiring an AI Developer to build recommendation engines. Must have 3+ years of experience."
JOB261,Full Stack Engineer,"We need a Full Stack Engineer to develop gaming platforms. Requires 3+ years of experience."
JOB262,Systems Analyst,"Join our team as a Systems Analyst to optimize warehouse systems. Must have 2+ years of experience."
JOB263,Security Engineer,"Seeking a Security Engineer to implement CASB solutions. Requires 3+ years of experience."
JOB264,Data Engineer,"Hiring a Data Engineer to process geospatial data with PostGIS. Must have 4+ years of experience."
JOB265,Frontend Developer,"We need a Frontend Developer to build portfolio sites with Hugo. Requires 2+ years of experience."
JOB266,Backend Developer,"Join our team as a Backend Developer to secure APIs with JWT. Must have 3+ years of experience."
JOB267,Game Programmer,"Seeking a Game Programmer to optimize AI with Unity ML-Agents. Requires 3+ years of experience."
JOB268,Robotics Software Engineer,"Hiring a Robotics Engineer to develop humanoid robots. Must have 3+ years of experience."
JOB269,Blockchain Engineer,"We need a Blockchain Engineer to build identity systems. Requires 3+ years of experience."
JOB270,Embedded Developer,"Join our team as an Embedded Developer to program drones. Must have 3+ years of experience."
JOB271,Software Engineer,"Seeking a Software Engineer to build ticketing systems with ASP.NET. Requires 3+ years of experience."
JOB272,Data Scientist,"Hiring a Data Scientist to analyze financial data with Julia. Must have 3+ years of experience."
JOB273,Cybersecurity Analyst,"We need a Cybersecurity Analyst to monitor cloud logs with Splunk. Requires 2+ years of experience."
JOB274,Web Developer,"Join our team as a Web Developer to build educational platforms. Must have 2+ years of experience."
JOB275,Machine Learning Engineer,"Seeking an ML Engineer to develop energy forecasting models. Requires 4+ years of experience."
JOB276,Database Engineer,"Hiring a Database Engineer to optimize queries with Couchbase. Must have 4+ years of experience."
JOB277,Cloud Developer,"We need a Cloud Developer to build IoT apps with AWS IoT. Requires 3+ years of experience."
JOB278,DevOps Specialist,"Join our team as a DevOps Specialist to manage Nomad clusters. Must have 3+ years of experience."
JOB279,Network Specialist,"Seeking a Network Specialist to optimize satellite networks. Requires 4+ years of experience."
JOB280,AI Engineer,"Hiring an AI Engineer to develop emotion recognition systems. Must have 3+ years of experience."
JOB281,Full Stack Developer,"We need a Full Stack Developer to build CRM platforms with FastAPI. Requires 3+ years of experience."
JOB282,Systems Engineer,"Join our team as a Systems Engineer to optimize NAS systems. Must have 3+ years of experience."
JOB283,Security Specialist,"Seeking a Security Specialist to secure mobile apps. Requires 3+ years of experience."
JOB284,Data Analyst,"Hiring a Data Analyst to process climate data with R. Must have 2+ years of experience."
JOB285,Frontend Engineer,"We need a Frontend Engineer to build real-time dashboards. Requires 2+ years of experience."
JOB286,Backend Engineer,"Join our team as a Backend Engineer to develop analytics APIs. Must have 3+ years of experience."
JOB287,Game Developer,"Seeking a Game Developer to create racing games with Unreal. Requires 3+ years of experience."
JOB288,Robotics Engineer,"Hiring a Robotics Engineer to develop surgical robots. Must have 3+ years of experience."
JOB289,Blockchain Developer,"We need a Blockchain Developer to build gaming NFTs. Requires 2+ years of experience."
JOB290,Embedded Systems Engineer,"Join our team as an Embedded Engineer to program wearables with BLE. Must have 3+ years of experience."
JOB291,Software Engineer,"Seeking a Software Engineer to build workflow apps with Camunda. Requires 3+ years of experience."
JOB292,Data Scientist,"Hiring a Data Scientist to analyze healthcare data with SAS. Must have 3+ years of experience."
JOB293,Cybersecurity Engineer,"We need a Cybersecurity Engineer to secure 5G networks. Requires 3+ years of experience."
JOB294,Web Developer,"Join our team as a Web Developer to build community platforms. Must have 2+ years of experience."
JOB295,Machine Learning Specialist,"Seeking an ML Specialist to develop generative art models. Requires 4+ years of experience."
JOB296,Database Administrator,"Hiring a DBA to manage replication with SQL Server. Must have 5+ years of experience."
JOB297,Cloud Engineer,"We need a Cloud Engineer to optimize Kubernetes on GCP. Requires 3+ years of experience."
JOB298,DevOps Engineer,"Join our team as a DevOps Engineer to manage Vault secrets. Must have 3+ years of experience."
JOB299,Network Engineer,"Seeking a Network Engineer to design IoT networks. Requires 4+ years of experience."
JOB300,AI Developer,"Hiring an AI Developer to build virtual assistants. Must have 3+ years of experience."
JOB301,Full Stack Engineer,"We need a Full Stack Engineer to develop legal tech apps. Requires 3+ years of experience."
JOB302,Systems Analyst,"Join our team as a Systems Analyst to evaluate blockchain systems. Must have 2+ years of experience."
JOB303,Security Engineer,"Seeking a Security Engineer to implement SAST tools. Requires 3+ years of experience."
JOB304,Data Engineer,"Hiring a Data Engineer to build ETL for media data. Must have 4+ years of experience."
JOB305,Frontend Developer,"We need a Frontend Developer to build e-commerce UIs. Requires 2+ years of experience."
JOB306,Backend Developer,"Join our team as a Backend Developer to develop billing APIs. Must have 3+ years of experience."
JOB307,Game Programmer,"Seeking a Game Programmer to optimize multiplayer servers. Requires 3+ years of experience."
JOB308,Robotics Software Engineer,"Hiring a Robotics Engineer to develop inspection robots. Must have 3+ years of experience."
JOB309,Blockchain Engineer,"We need a Blockchain Engineer to build KYC solutions. Requires 3+ years of experience."
JOB310,Embedded Developer,"Join our team as an Embedded Developer to program smart meters. Must have 3+ years of experience."
JOB311,Software Engineer,"Seeking a Software Engineer to build survey tools with TypeScript. Requires 3+ years of experience."
JOB312,Data Scientist,"Hiring a Data Scientist to analyze social media data. Must have 3+ years of experience."
JOB313,Cybersecurity Analyst,"We need a Cybersecurity Analyst to secure APIs with OAuth2. Requires 2+ years of experience."
JOB314,Web Developer,"Join our team as a Web Developer to build fitness apps. Must have 2+ years of experience."
JOB315,Machine Learning Engineer,"Seeking an ML Engineer to develop ad targeting models. Requires 4+ years of experience."
JOB316,Database Engineer,"Hiring a Database Engineer to optimize sharding with MySQL. Must have 4+ years of experience."
JOB317,Cloud Developer,"We need a Cloud Developer to build edge computing apps. Requires 3+ years of experience."
JOB318,DevOps Specialist,"Join our team as a DevOps Specialist to manage Terraform states. Must have 3+ years of experience."
JOB319,Network Specialist,"Seeking a Network Specialist to optimize video streaming. Requires 4+ years of experience."
JOB320,AI Specialist,"Hiring an AI Specialist to develop predictive text systems. Must have 3+ years of experience."
JOB321,Full Stack Developer,"We need a Full Stack Developer to build agriculture tech apps. Requires 3+ years of experience."
JOB322,Systems Engineer,"Join our team as a Systems Engineer to optimize SAN storage. Must have 3+ years of experience."
JOB323,Security Specialist,"Seeking a Security Specialist to secure payment systems. Requires 3+ years of experience."
JOB324,Data Analyst,"Hiring a Data Analyst to process traffic data with Python. Must have 2+ years of experience."
JOB325,Frontend Engineer,"We need a Frontend Engineer to build SaaS dashboards. Requires 2+ years of experience."
JOB326,Backend Engineer,"Join our team as a Backend Engineer to develop loyalty APIs. Must have 3+ years of experience."
JOB327,Game Developer,"Seeking a Game Developer to build puzzle games with Phaser. Requires 2+ years of experience."
JOB328,Robotics Engineer,"Hiring a Robotics Engineer to develop cleaning robots. Must have 3+ years of experience."
JOB329,Blockchain Developer,"We need a Blockchain Developer to build staking platforms. Requires 2+ years of experience."
JOB330,Embedded Systems Engineer,"Join our team as an Embedded Engineer to program fitness trackers. Must have 3+ years of experience."
JOB331,Software Engineer,"Seeking a Software Engineer to build HR tools with Python. Requires 3+ years of experience."
JOB332,Data Scientist,"Hiring a Data Scientist to analyze gaming data. Must have 3+ years of experience."
JOB333,Cybersecurity Engineer,"We need a Cybersecurity Engineer to secure CI/CD pipelines. Requires 3+ years of experience."
JOB334,Web Developer,"Join our team as a Web Developer to build portfolio platforms. Must have 2+ years of experience."
JOB335,Machine Learning Engineer,"Seeking an ML Engineer to develop demand forecasting models. Requires 4+ years of experience."
JOB336,Database Administrator,"Hiring a DBA to manage Oracle RAC systems. Must have 5+ years of experience."
JOB337,Cloud Engineer,"We need a Cloud Engineer to optimize AWS ECS. Requires 3+ years of experience."
JOB338,DevOps Engineer,"Join our team as a DevOps Engineer to manage Spinnaker pipelines. Must have 3+ years of experience."
JOB339,Network Engineer,"Seeking a Network Engineer to design campus networks. Requires 4+ years of experience."
JOB340,AI Developer,"Hiring an AI Developer to build fraud prevention systems. Must have 3+ years of experience."
JOB341,Full Stack Engineer,"We need a Full Stack Engineer to develop travel tech apps. Requires 3+ years of experience."
JOB342,Systems Analyst,"Join our team as a Systems Analyst to evaluate POS systems. Must have 2+ years of experience."
JOB343,Security Engineer,"Seeking a Security Engineer to implement SOAR solutions. Requires 3+ years of experience."
JOB344,Data Engineer,"Hiring a Data Engineer to process IoT data with Kinesis. Must have 4+ years of experience."
JOB345,Frontend Developer,"We need a Frontend Developer to build marketing sites with Webflow. Requires 2+ years of experience."
JOB346,Backend Developer,"Join our team as a Backend Developer to develop telemetry APIs. Must have 3+ years of experience."
JOB347,Game Programmer,"Seeking a Game Programmer to optimize mobile graphics. Requires 3+ years of experience."
JOB348,Robotics Software Engineer,"Hiring a Robotics Engineer to develop warehouse robots. Must have 3+ years of experience."
JOB349,Blockchain Engineer,"We need a Blockchain Engineer to build DAO platforms. Requires 3+ years of experience."
JOB350,Embedded Developer,"Join our team as an Embedded Developer to program HVAC systems. Must have 3+ years of experience."
JOB351,Software Engineer,"Seeking a Software Engineer to build logistics tools with Node.js. Requires 3+ years of experience."
JOB352,Data Scientist,"Hiring a Data Scientist to analyze retail data with Power BI. Must have 3+ years of experience."
JOB353,Cybersecurity Analyst,"We need a Cybersecurity Analyst to secure VPNs. Requires 2+ years of experience."
JOB354,Web Developer,"Join our team as a Web Developer to build charity platforms. Must have 2+ years of experience."
JOB355,Machine Learning Engineer,"Seeking an ML Engineer to develop risk assessment models. Requires 4+ years of experience."
JOB356,Database Engineer,"Hiring a Database Engineer to optimize queries with SQLite. Must have 3+ years of experience."
JOB357,Cloud Developer,"We need a Cloud Developer to build monitoring apps with AWS CloudWatch. Requires 3+ years of experience."
JOB358,DevOps Specialist,"Join our team as a DevOps Specialist to manage OpenShift clusters. Must have 3+ years of experience."
JOB359,Network Specialist,"Seeking a Network Specialist to optimize NFV systems. Requires 4+ years of experience."
JOB360,AI Specialist,"Hiring an AI Specialist to develop personalization engines. Must have 3+ years of experience."
JOB361,Full Stack Developer,"We need a Full Stack Developer to build real estate apps. Requires 3+ years of experience."
JOB362,Systems Engineer,"Join our team as a Systems Engineer to optimize backup systems. Must have 3+ years of experience."
JOB363,Security Specialist,"Seeking a Security Specialist to secure cloud storage. Requires 3+ years of experience."
JOB364,Data Analyst,"Hiring a Data Analyst to process survey data with SPSS. Must have 2+ years of experience."
JOB365,Frontend Engineer,"We need a Frontend Engineer to build internal tools. Requires 2+ years of experience."
JOB366,Backend Engineer,"Join our team as a Backend Engineer to develop search APIs. Must have 3+ years of experience."
JOB367,Game Developer,"Seeking a Game Developer to build strategy games with Unity. Requires 3+ years of experience."
JOB368,Robotics Engineer,"Hiring a Robotics Engineer to develop inspection drones. Must have 3+ years of experience."
JOB369,Blockchain Developer,"We need a Blockchain Developer to build traceability systems. Requires 2+ years of experience."
JOB370,Embedded Systems Engineer,"Join our team as an Embedded Engineer to program industrial sensors. Must have 3+ years of experience."
JOB371,Software Engineer,"Seeking a Software Engineer to build monitoring tools with Grafana. Requires 3+ years of experience."
JOB372,Data Scientist,"Hiring a Data Scientist to analyze logistics data. Must have 3+ years of experience."
JOB373,Cybersecurity Engineer,"We need a Cybersecurity Engineer to secure microservices. Requires 3+ years of experience."
JOB374,Web Developer,"Join our team as a Web Developer to build news platforms. Must have 2+ years of experience."
JOB375,Machine Learning Engineer,"Seeking an ML Engineer to develop quality control models. Requires 4+ years of experience."
JOB376,Database Administrator,"Hiring a DBA to manage data lakes with Delta Lake. Must have 4+ years of experience."
JOB377,Cloud Engineer,"We need a Cloud Engineer to optimize AWS S3 storage. Requires 3+ years of experience."
JOB378,DevOps Engineer,"Join our team as a DevOps Engineer to manage Jenkins X. Must have 3+ years of experience."
JOB379,Network Engineer,"Seeking a Network Engineer to design disaster recovery networks. Requires 4+ years of experience."
JOB380,AI Developer,"Hiring an AI Developer to build customer support bots. Must have 3+ years of experience."
JOB381,Full Stack Engineer,"We need a Full Stack Engineer to develop edtech apps. Requires 3+ years of experience."
JOB382,Systems Analyst,"Join our team as a Systems Analyst to evaluate CRM integrations. Must have 2+ years of experience."
JOB383,Security Engineer,"Seeking a Security Engineer to implement EDR solutions. Requires 3+ years of experience."
JOB384,Data Engineer,"Hiring a Data Engineer to process event data with AWS Step Functions. Must have 4+ years of experience."
JOB385,Frontend Developer,"We need a Frontend Developer to build analytics dashboards. Requires 2+ years of experience."
JOB386,Backend Developer,"Join our team as a Backend Developer to develop notification APIs. Must have 3+ years of experience."
JOB387,Game Programmer,"Seeking a Game Programmer to optimize VR performance. Requires 3+ years of experience."
JOB388,Robotics Software Engineer,"Hiring a Robotics Engineer to develop exploration robots. Must have 3+ years of experience."
JOB389,Blockchain Engineer,"We need a Blockchain Engineer to build governance systems. Requires 3+ years of experience."
JOB390,Embedded Developer,"Join our team as an Embedded Developer to program traffic systems. Must have 3+ years of experience."
JOB391,Software Engineer,"Seeking a Software Engineer to build compliance tools. Requires 3+ years of experience."
JOB392,Data Scientist,"Hiring a Data Scientist to analyze advertising data. Must have 3+ years of experience."
JOB393,Cybersecurity Analyst,"We need a Cybersecurity Analyst to secure email systems. Requires 2+ years of experience."
JOB394,Web Developer,"Join our team as a Web Developer to build support platforms. Must have 2+ years of experience."
JOB395,Machine Learning Engineer,"Seeking an ML Engineer to develop inventory prediction models. Requires 4+ years of experience."
JOB396,Database Engineer,"Hiring a Database Engineer to optimize replication with MongoDB. Must have 4+ years of experience."
JOB397,Cloud Developer,"We need a Cloud Developer to build security apps with AWS IAM. Requires 3+ years of experience."
JOB398,DevOps Specialist,"Join our team as a DevOps Specialist to manage Kubernetes RBAC. Must have 3+ years of experience."
JOB399,Network Specialist,"Seeking a Network Specialist to optimize IoT connectivity. Requires 4+ years of experience."
JOB400,AI Specialist,"Hiring an AI Specialist to develop game AI systems. Must have 3+ years of experience."
JOB401,Full Stack Developer,"We need a Full Stack Developer to build nonprofit platforms. Requires 3+ years of experience."
JOB402,Systems Engineer,"Join our team as a Systems Engineer to optimize email servers. Must have 3+ years of experience."
JOB403,Security Engineer,"Seeking a Security Engineer to implement ZTNA solutions. Requires 3+ years of experience."
JOB404,Data Engineer,"Hiring a Data Engineer to process telemetry data with Spark Streaming. Must have 4+ years of experience."
JOB405,Frontend Developer,"We need a Frontend Developer to build customer portals. Requires 2+ years of experience."
JOB406,Backend Developer,"Join our team as a Backend Developer to develop audit APIs. Must have 3+ years of experience."
JOB407,Game Developer,"Seeking a Game Developer to build adventure games with Unity. Requires 3+ years of experience."
JOB408,Robotics Engineer,"Hiring a Robotics Engineer to develop companion robots. Must have 3+ years of experience."
JOB409,Blockchain Developer,"We need a Blockchain Developer to build asset tracking systems. Requires 2+ years of experience."
JOB410,Embedded Systems Engineer,"Join our team as an Embedded Engineer to program lighting systems. Must have 3+ years of experience."
JOB411,Software Engineer,"Seeking a Software Engineer to build reporting tools with Python. Requires 3+ years of experience."
JOB412,Data Scientist,"Hiring a Data Scientist to analyze employee data. Must have 3+ years of experience."
JOB413,Cybersecurity Engineer,"We need a Cybersecurity Engineer to secure cloud APIs. Requires 3+ years of experience."
JOB414,Web Developer,"Join our team as a Web Developer to build membership platforms. Must have 2+ years of experience."
JOB415,Machine Learning Engineer,"Seeking an ML Engineer to develop pricing models. Requires 4+ years of experience."
JOB416,Database Administrator,"Hiring a DBA to manage columnar databases with Vertica. Must have 4+ years of experience."
JOB417,Cloud Engineer,"We need a Cloud Engineer to optimize Azure AD. Requires 3+ years of experience."
JOB418,DevOps Engineer,"Join our team as a DevOps Engineer to manage Tekton pipelines. Must have 3+ years of experience."
JOB419,Network Engineer,"Seeking a Network Engineer to design secure LANs. Requires 4+ years of experience."
JOB420,AI Developer,"Hiring an AI Developer to build diagnostic tools. Must have 3+ years of experience."
JOB421,Full Stack Engineer,"We need a Full Stack Engineer to develop fitness tech apps. Requires 3+ years of experience."
JOB422,Systems Analyst,"Join our team as a Systems Analyst to evaluate ticketing systems. Must have 2+ years of experience."
JOB423,Security Specialist,"Seeking a Security Specialist to secure blockchain wallets. Requires 3+ years of experience."
JOB424,Data Engineer,"Hiring a Data Engineer to process sales data with Talend. Must have 4+ years of experience."
JOB425,Frontend Developer,"We need a Frontend Developer to build onboarding UIs. Requires 2+ years of experience."
JOB426,Backend Developer,"Join our team as a Backend Developer to develop survey APIs. Must have 3+ years of experience."
JOB427,Game Programmer,"Seeking a Game Programmer to optimize physics engines. Requires 3+ years of experience."
JOB428,Robotics Software Engineer,"Hiring a Robotics Engineer to develop logistic robots. Must have 3+ years of experience."
JOB429,Blockchain Engineer,"We need a Blockchain Engineer to build lending platforms. Requires 3+ years of experience."
JOB430,Embedded Developer,"Join our team as an Embedded Developer to program POS terminals. Must have 3+ years of experience."
JOB431,Software Engineer,"Seeking a Software Engineer to build automation tools with Bash. Requires 3+ years of experience."
JOB432,Data Scientist,"Hiring a Data Scientist to analyze weather data with Python. Must have 3+ years of experience."
JOB433,Cybersecurity Analyst,"We need a Cybersecurity Analyst to secure mobile networks. Requires 2+ years of experience."
JOB434,Web Developer,"Join our team as a Web Developer to build review platforms. Must have 2+ years of experience."
JOB435,Machine Learning Engineer,"Seeking an ML Engineer to develop safety monitoring models. Requires 4+ years of experience."
JOB436,Database Engineer,"Hiring a Database Engineer to optimize queries with Oracle Exadata. Must have 4+ years of experience."
JOB437,Cloud Developer,"We need a Cloud Developer to build analytics apps with GCP. Requires 3+ years of experience."
JOB438,DevOps Specialist,"Join our team as a DevOps Specialist to manage Consul services. Must have 3+ years of experience."
JOB439,Network Specialist,"Seeking a Network Specialist to optimize data center networks. Requires 4+ years of experience."
JOB440,AI Specialist,"Hiring an AI Specialist to develop content recommendation systems. Must have 3+ years of experience."
JOB441,Full Stack Developer,"We need a Full Stack Developer to build collaboration tools. Requires 3+ years of experience."
JOB442,Systems Engineer,"Join our team as a Systems Engineer to optimize virtualization with KVM. Must have 3+ years of experience."
JOB443,Security Engineer,"Seeking a Security Engineer to implement MDR solutions. Requires 3+ years of experience."
JOB444,Data Engineer,"Hiring a Data Engineer to process customer data with Databricks. Must have 4+ years of experience."
JOB445,Frontend Developer,"We need a Frontend Developer to build survey UIs. Requires 2+ years of experience."
JOB446,Backend Developer,"Join our team as a Backend Developer to develop CRM APIs. Must have 3+ years of experience."
JOB447,Game Developer,"Seeking a Game Developer to build survival games with Unreal. Requires 3+ years of experience."
JOB448,Robotics Engineer,"Hiring a Robotics Engineer to develop educational robots. Must have 3+ years of experience."
JOB449,Blockchain Developer,"We need a Blockchain Developer to build music rights systems. Requires 2+ years of experience."
JOB450,Embedded Systems Engineer,"Join our team as an Embedded Engineer to program security cameras. Must have 3+ years of experience."
JOB451,Software Engineer,"Seeking a Software Engineer to build analytics tools with Python. Requires 3+ years of experience."
JOB452,Data Scientist,"Hiring a Data Scientist to analyze transit data. Must have 3+ years of experience."
JOB453,Cybersecurity Engineer,"We need a Cybersecurity Engineer to secure supply chain systems. Requires 3+ years of experience."
JOB454,Web Developer,"Join our team as a Web Developer to build donation platforms. Must have 2+ years of experience."
JOB455,Machine Learning Engineer,"Seeking an ML Engineer to develop climate models. Requires 4+ years of experience."
JOB456,Database Administrator,"Hiring a DBA to manage NoSQL with CouchDB. Must have 4+ years of experience."
JOB457,Cloud Engineer,"We need a Cloud Engineer to optimize Azure Kubernetes. Requires 3+ years of experience."
JOB458,DevOps Engineer,"Join our team as a DevOps Engineer to manage GitLab CI. Must have 3+ years of experience."
JOB459,Network Engineer,"Seeking a Network Engineer to design VPN tunnels. Requires 4+ years of experience."
JOB460,AI Developer,"Hiring an AI Developer to build retail analytics systems. Must have 3+ years of experience."
JOB461,Full Stack Engineer,"We need a Full Stack Engineer to develop HR tech apps. Requires 3+ years of experience."
JOB462,Systems Analyst,"Join our team as a Systems Analyst to evaluate billing systems. Must have 2+ years of experience."
JOB463,Security Specialist,"Seeking a Security Specialist to secure IoT gateways. Requires 3+ years of experience."
JOB464,Data Engineer,"Hiring a Data Engineer to process health data with Apache NiFi. Must have 4+ years of experience."
JOB465,Frontend Developer,"We need a Frontend Developer to build support UIs. Requires 2+ years of experience."
JOB466,Backend Developer,"Join our team as a Backend Developer to develop shipping APIs. Must have 3+ years of experience."
JOB467,Game Programmer,"Seeking a Game Programmer to optimize shader performance. Requires 3+ years of experience."
JOB468,Robotics Software Engineer,"Hiring a Robotics Engineer to develop mining robots. Must have 3+ years of experience."
JOB469,Blockchain Engineer,"We need a Blockchain Engineer to build royalty systems. Requires 3+ years of experience."
JOB470,Embedded Developer,"Join our team as an Embedded Developer to program navigation systems. Must have 3+ years of experience."
JOB471,Software Engineer,"Seeking a Software Engineer to build monitoring dashboards. Requires 3+ years of experience."
JOB472,Data Scientist,"Hiring a Data Scientist to analyze energy consumption data. Must have 3+ years of experience."
JOB473,Cybersecurity Analyst,"We need a Cybersecurity Analyst to secure endpoints. Requires 2+ years of experience."
JOB474,Web Developer,"Join our team as a Web Developer to build learning management systems. Must have 2+ years of experience."
JOB475,Machine Learning Engineer,"Seeking an ML Engineer to develop customer retention models. Requires 4+ years of experience."
JOB476,Database Engineer,"Hiring a Database Engineer to optimize data warehousing with Teradata. Must have 4+ years of experience."
JOB477,Cloud Developer,"We need a Cloud Developer to build compliance apps with AWS. Requires 3+ years of experience."
JOB478,DevOps Specialist,"Join our team as a DevOps Specialist to manage Kubernetes ingress. Must have 3+ years of experience."
JOB479,Network Specialist,"Seeking a Network Specialist to optimize wireless networks. Requires 4+ years of experience."
JOB480,AI Specialist,"Hiring an AI Specialist to develop predictive maintenance systems. Must have 3+ years of experience."
JOB481,Full Stack Developer,"We need a Full Stack Developer to build property management apps. Requires 3+ years of experience."
JOB482,Systems Engineer,"Join our team as a Systems Engineer to optimize load balancers. Must have 3+ years of experience."
JOB483,Security Engineer,"Seeking a Security Engineer to implement SIEM solutions. Requires 3+ years of experience."
JOB484,Data Engineer,"Hiring a Data Engineer to process log data with Logstash. Must have 4+ years of experience."
JOB485,Frontend Developer,"We need a Frontend Developer to build CRM dashboards. Requires 2+ years of experience."
JOB486,Backend Developer,"Join our team as a Backend Developer to develop authentication APIs. Must have 3+ years of experience."
JOB487,Game Developer,"Seeking a Game Developer to build sports games with Unity. Requires 3+ years of experience."
JOB488,Robotics Engineer,"Hiring a Robotics Engineer to develop service robots. Must have 3+ years of experience."
JOB489,Blockchain Developer,"We need a Blockchain Developer to build ticketing systems. Requires 2+ years of experience."
JOB490,Embedded Systems Engineer,"Join our team as an Embedded Engineer to program energy meters. Must have 3+ years of experience."
JOB491,Software Engineer,"Seeking a Software Engineer to build telemetry tools. Requires 3+ years of experience."
JOB492,Data Scientist,"Hiring a Data Scientist to analyze traffic patterns. Must have 3+ years of experience."
JOB493,Cybersecurity Engineer,"We need a Cybersecurity Engineer to secure payment gateways. Requires 3+ years of experience."
JOB494,Web Developer,"Join our team as a Web Developer to build feedback platforms. Must have 2+ years of experience."
JOB495,Machine Learning Engineer,"Seeking an ML Engineer to develop security monitoring models. Requires 4+ years of experience."
JOB496,Database Administrator,"Hiring a DBA to manage clustered databases with Galera. Must have 4+ years of experience."
JOB497,Cloud Engineer,"We need a Cloud Engineer to optimize AWS Lambda costs. Requires 3+ years of experience."
JOB498,DevOps Engineer,"Join our team as a DevOps Engineer to manage GitHub Actions. Must have 3+ years of experience."
JOB499,Network Engineer,"Seeking a Network Engineer to design remote access solutions. Requires 4+ years of experience."
JOB500,AI Developer,"Hiring an AI Developer to build sales forecasting systems. Must have 3+ years of experience."